{
  "test": {
    "accuracy": 0.47959183673469385,
    "auc_roc": 0.537755527743012,
    "brier": 0.2509128462150581,
    "ece": 0.056140519446747604,
    "f1": 0.03773584905660377,
    "pr_auc": 0.5681199150601259,
    "precision": 0.5,
    "recall": 0.0196078431372549
  },
  "train": {
    "accuracy": 0.5214723926380368,
    "auc_roc": 0.5554992194894108,
    "brier": 0.24768085162299355,
    "ece": 0.021199910342082847,
    "f1": 0.12779552715654952,
    "pr_auc": 0.5565370271751594,
    "precision": 0.6451612903225806,
    "recall": 0.07092198581560284
  },
  "val": {
    "accuracy": 0.477124183006536,
    "auc_roc": 0.5565843621399177,
    "brier": 0.24896651872801065,
    "ece": 0.04618191101308502,
    "f1": 0.024390243902439025,
    "pr_auc": 0.6091548999044724,
    "precision": 1.0,
    "recall": 0.012345679012345678
  }
}