{
  "test": {
    "accuracy": 0.9489795918367347,
    "auc_roc": 1.0,
    "brier": 0.07057601428768762,
    "ece": 0.2430726566318324,
    "f1": 0.8837209302325582,
    "pr_auc": 1.0,
    "precision": 1.0,
    "recall": 0.7916666666666666
  },
  "train": {
    "accuracy": 0.9050632911392406,
    "auc_roc": 0.9954674767346545,
    "brier": 0.07087012544530429,
    "ece": 0.21044617507420818,
    "f1": 0.8076923076923077,
    "pr_auc": 0.9898085395589759,
    "precision": 1.0,
    "recall": 0.6774193548387096
  },
  "val": {
    "accuracy": 0.7581699346405228,
    "auc_roc": 0.9930232558139535,
    "brier": 0.142934129507834,
    "ece": 0.30795188313372124,
    "f1": 0.7978142076502732,
    "pr_auc": 0.9973549524346712,
    "precision": 1.0,
    "recall": 0.6636363636363637
  }
}