{
  "overall": {
    "annual_return": 0.25343148161751405,
    "annual_vol": 0.286768644542559,
    "avg_trade_return": 0.002788335515285198,
    "exposure": 0.27091633466135456,
    "max_drawdown": -0.1626449402222766,
    "sharpe": 0.883748925974027,
    "total_return": 0.1680487243265949,
    "trades": 12.0,
    "win_rate": 0.15139442231075698
  },
  "test": {
    "annual_return": 0.0,
    "annual_vol": 0.0,
    "avg_trade_return": NaN,
    "exposure": 0.0,
    "max_drawdown": 0.0,
    "sharpe": NaN,
    "total_return": 0.0,
    "trades": 0.0,
    "win_rate": 0.0
  },
  "val": {
    "annual_return": 0.4485592902488791,
    "annual_vol": 0.36702210938829877,
    "avg_trade_return": 0.002788335515285198,
    "exposure": 0.4444444444444444,
    "max_drawdown": -0.1626449402222766,
    "sharpe": 1.2221587712971165,
    "total_return": 0.1680487243265949,
    "trades": 12.0,
    "win_rate": 0.24836601307189543
  }
}