{
  "overall": {
    "annual_return": 0.3811071643985011,
    "annual_vol": 0.10016158852659904,
    "avg_trade_return": 0.0024880678499912315,
    "exposure": 0.36254980079681276,
    "max_drawdown": -0.001357434079336639,
    "sharpe": 3.8049233244468144,
    "total_return": 0.24862013503995817,
    "trades": 3.0,
    "win_rate": 0.3545816733067729
  },
  "test": {
    "annual_return": 0.517340201663963,
    "annual_vol": 0.15882090481775138,
    "avg_trade_return": 0.006401619727088383,
    "exposure": 0.1836734693877551,
    "max_drawdown": -0.0003577918712077688,
    "sharpe": 3.257381024605144,
    "total_return": 0.1184576277081899,
    "trades": 1.0,
    "win_rate": 0.17346938775510204
  },
  "val": {
    "annual_return": 0.3003445459947427,
    "annual_vol": 0.016495534760087832,
    "avg_trade_return": 0.0015230824556385092,
    "exposure": 0.477124183006536,
    "max_drawdown": -0.0010000000000000009,
    "sharpe": 18.207627116245334,
    "total_return": 0.11637678898795878,
    "trades": 2.0,
    "win_rate": 0.47058823529411764
  }
}