{
  "overall": {
    "annual_return": 0.1128065634072668,
    "annual_vol": 0.06382839171594748,
    "avg_trade_return": 0.02562652625125635,
    "exposure": 0.01195219123505976,
    "max_drawdown": -0.001000000000000112,
    "sharpe": 1.7673414663067903,
    "total_return": 0.07627060130337537,
    "trades": 4.0,
    "win_rate": 0.01195219123505976
  },
  "test": {
    "annual_return": 0.1524206146601521,
    "annual_vol": 0.0730404944875686,
    "avg_trade_return": 0.019897886340312698,
    "exposure": 0.02040816326530612,
    "max_drawdown": -0.0010000000000000009,
    "sharpe": 2.08679604005274,
    "total_return": 0.03882438713602343,
    "trades": 2.0,
    "win_rate": 0.02040816326530612
  },
  "val": {
    "annual_return": 0.08815128126821281,
    "annual_vol": 0.05712101528334651,
    "avg_trade_return": 0.037083806073143655,
    "exposure": 0.006535947712418301,
    "max_drawdown": -0.0010000000000000009,
    "sharpe": 1.5432372977080662,
    "total_return": 0.03604672226707062,
    "trades": 2.0,
    "win_rate": 0.006535947712418301
  }
}