{
  "test": {
    "accuracy": 0.7551020408163265,
    "auc_roc": 0.11936936936936936,
    "brier": 0.23057925029693402,
    "ece": 0.20963356324604582,
    "f1": 0.0,
    "pr_auc": 0.1494696872233754,
    "precision": 0.0,
    "recall": 0.0
  },
  "train": {
    "accuracy": 0.7056962025316456,
    "auc_roc": 0.4699840879502387,
    "brier": 0.23401604853979713,
    "ece": 0.16089505485341515,
    "f1": 0.0,
    "pr_auc": 0.32449660655821555,
    "precision": 0.0,
    "recall": 0.0
  },
  "val": {
    "accuracy": 0.28104575163398693,
    "auc_roc": 0.17262156448202956,
    "brier": 0.2734671725553274,
    "ece": 0.26465718789038317,
    "f1": 0.0,
    "pr_auc": 0.6438598375781444,
    "precision": 0.0,
    "recall": 0.0
  }
}