{
  "test": {
    "accuracy": 0.5204081632653061,
    "auc_roc": 0.45098039215686275,
    "brier": 0.2500109964233875,
    "ece": 0.017793422450824714,
    "f1": 0.6845637583892618,
    "pr_auc": 0.49404270134707007,
    "precision": 0.5204081632653061,
    "recall": 1.0
  },
  "train": {
    "accuracy": 0.4934268185801928,
    "auc_roc": 0.5172542006219502,
    "brier": 0.24971788199813838,
    "ece": 0.018188146856351492,
    "f1": 0.28992628992628994,
    "pr_auc": 0.5070938927372473,
    "precision": 0.472,
    "recall": 0.20921985815602837
  },
  "val": {
    "accuracy": 0.49673202614379086,
    "auc_roc": 0.48268175582990397,
    "brier": 0.24993429050111698,
    "ece": 0.027070577822479618,
    "f1": 0.6051282051282051,
    "pr_auc": 0.5345296460026956,
    "precision": 0.5175438596491229,
    "recall": 0.7283950617283951
  }
}