{
  "test": {
    "accuracy": 0.7755102040816326,
    "auc_roc": 0.9893018018018018,
    "brier": 0.22180546940182186,
    "ece": 0.22448050986262238,
    "f1": 0.15384615384615385,
    "pr_auc": 0.9734508547008546,
    "precision": 1.0,
    "recall": 0.08333333333333333
  },
  "train": {
    "accuracy": 1.0,
    "auc_roc": 1.0,
    "brier": 0.0019235993853601978,
    "ece": 0.03957992045204569,
    "f1": 1.0,
    "pr_auc": 0.9999999999999999,
    "precision": 1.0,
    "recall": 1.0
  },
  "val": {
    "accuracy": 0.3006535947712418,
    "auc_roc": 0.5826638477801268,
    "brier": 0.6861848127529225,
    "ece": 0.698446007464707,
    "f1": 0.05309734513274336,
    "pr_auc": 0.8375007493869054,
    "precision": 1.0,
    "recall": 0.02727272727272727
  }
}