{
  "test": {
    "accuracy": 0.47959183673469385,
    "auc_roc": 0.5394242803504381,
    "brier": 0.34175691862825053,
    "ece": 0.3027457741602343,
    "f1": 0.0,
    "pr_auc": 0.5682379896111878,
    "precision": 0.0,
    "recall": 0.0
  },
  "train": {
    "accuracy": 0.8992112182296231,
    "auc_roc": 0.9733197512199319,
    "brier": 0.12879749129490398,
    "ece": 0.23868991449592825,
    "f1": 0.8893166506256015,
    "pr_auc": 0.9752576763314423,
    "precision": 0.9726315789473684,
    "recall": 0.8191489361702128
  },
  "val": {
    "accuracy": 0.49673202614379086,
    "auc_roc": 0.5414951989026063,
    "brier": 0.2885981457390116,
    "ece": 0.19699643717871773,
    "f1": 0.48322147651006714,
    "pr_auc": 0.5566943864235923,
    "precision": 0.5294117647058824,
    "recall": 0.4444444444444444
  }
}